repo,file,decl,method,n,metric,model,annotation,syntax_search,mathlib_search,og_correct,og_errors,og_score,new_correct,new_errors,new_score,delta,og_raw,new_raw,time
Tests,Tests/C03_Logic/solutions/Solutions_S01_Implication_and_the_Universal_Quantifier.lean,"theorem my_lemma4 :
    ∀ {x y ε : ℝ}, 0 < ε → ε ≤ 1 → |x| < ε → |y| < ε → |x * y| < ε ",refinement,5,LENGTH,gpt-4o,True,True,True,True,,11,True,,7,-36.36363636363637,"theorem my_lemma4 :
    ∀ {x y ε : ℝ}, 0 < ε → ε ≤ 1 → |x| < ε → |y| < ε → |x * y| < ε := by
  intro x y ε epos ele1 xlt ylt
  calc
    |x * y| = |x| * |y| := by apply abs_mul
    _ ≤ |x| * ε := by apply mul_le_mul; linarith; linarith; apply abs_nonneg; apply abs_nonneg;
    _ < 1 * ε := by rw [mul_lt_mul_right epos]; linarith
    _ = ε := by apply one_mul","

theorem my_lemma4 :
    ∀ {x y ε : ℝ}, 0 < ε → ε ≤ 1 → |x| < ε → |y| < ε → |x * y| < ε  := by
  theorem my_lemma4 :
      ∀ {x y ε : ℝ}, 0 < ε → ε ≤ 1 → |x| < ε → |y| < ε → |x * y| < ε := by
    intro x y ε epos ele1 xlt ylt
    calc
      |x * y| = |x| * |y| := abs_mul _ _
      _ < ε * ε := mul_lt_mul' xlt ylt (abs_nonneg _) epos
      _ ≤ ε := mul_le_of_le_one_right (abs_nonneg _) ele1
",78.29785394668579
Tests,Tests/C03_Logic/solutions/Solutions_S01_Implication_and_the_Universal_Quantifier.lean,example (hfa : FnLb f a) (hgb : FnLb g b) : FnLb (fun x ↦ f x + g x) (a + b) ,refinement,5,LENGTH,gpt-4o,True,True,True,True,,4,True,,4,0.0,"example (hfa : FnLb f a) (hgb : FnLb g b) : FnLb (fun x ↦ f x + g x) (a + b) := by
  intro x
  apply add_le_add
  apply hfa
  apply hgb","example (hfa : FnLb f a) (hgb : FnLb g b) : FnLb (fun x ↦ f x + g x) (a + b) := by
  intro x
  apply add_le_add
  apply hfa
  apply hgb",83.50721096992493
Tests,Tests/C03_Logic/solutions/Solutions_S01_Implication_and_the_Universal_Quantifier.lean,example (nnf : FnLb f 0) (nng : FnLb g 0) : FnLb (fun x ↦ f x * g x) 0 ,refinement,5,LENGTH,gpt-4o,True,True,True,True,,4,True,,1,-75.0,"example (nnf : FnLb f 0) (nng : FnLb g 0) : FnLb (fun x ↦ f x * g x) 0 := by
  intro x
  apply mul_nonneg
  apply nnf
  apply nng","example (nnf : FnLb f 0) (nng : FnLb g 0) : FnLb (fun x ↦ f x * g x) 0  := by
  exact λ x => mul_nonneg (nnf x) (nng x)",57.851232051849365
Tests,Tests/C03_Logic/solutions/Solutions_S01_Implication_and_the_Universal_Quantifier.lean,"example (hfa : FnUb f a) (hgb : FnUb g b) (nng : FnLb g 0) (nna : 0 ≤ a) :
    FnUb (fun x ↦ f x * g x) (a * b) ",refinement,5,LENGTH,gpt-4o,True,True,True,True,,6,True,,1,-83.33333333333334,"example (hfa : FnUb f a) (hgb : FnUb g b) (nng : FnLb g 0) (nna : 0 ≤ a) :
    FnUb (fun x ↦ f x * g x) (a * b) := by
  intro x
  apply mul_le_mul
  apply hfa
  apply hgb
  apply nng
  apply nna","example (hfa : FnUb f a) (hgb : FnUb g b) (nng : FnLb g 0) (nna : 0 ≤ a) :
    FnUb (fun x ↦ f x * g x) (a * b)   := by
  intro x; apply mul_le_mul (hfa x) (hgb x) (nng x) nna",35.48807120323181
Tests,Tests/C03_Logic/solutions/Solutions_S01_Implication_and_the_Universal_Quantifier.lean,example {c : ℝ} (mf : Monotone f) (nnc : 0 ≤ c) : Monotone fun x ↦ c * f x ,refinement,5,LENGTH,gpt-4o,True,True,True,True,,3,True,,1,-66.66666666666666,"example {c : ℝ} (mf : Monotone f) (nnc : 0 ≤ c) : Monotone fun x ↦ c * f x := by
  intro a b aleb
  apply mul_le_mul_of_nonneg_left _ nnc
  apply mf aleb","example {c : ℝ} (mf : Monotone f) (nnc : 0 ≤ c) : Monotone fun x ↦ c * f x   := by
  intro a b aleb; exact mul_le_mul_of_nonneg_left (mf aleb) nnc",54.147034883499146
Tests,Tests/C03_Logic/solutions/Solutions_S01_Implication_and_the_Universal_Quantifier.lean,example (mf : Monotone f) (mg : Monotone g) : Monotone fun x ↦ f (g x) ,refinement,5,LENGTH,gpt-4o,True,True,True,True,,4,True,,1,-75.0,"example (mf : Monotone f) (mg : Monotone g) : Monotone fun x ↦ f (g x) := by
  intro a b aleb
  apply mf
  apply mg
  apply aleb","example (mf : Monotone f) (mg : Monotone g) : Monotone fun x ↦ f (g x)  := by
  intro a b aleb; apply mf (mg aleb)",222.48049092292786
Tests,Tests/C03_Logic/solutions/Solutions_S01_Implication_and_the_Universal_Quantifier.lean,example (of : FnOdd f) (og : FnOdd g) : FnEven fun x ↦ f x * g x ,refinement,5,LENGTH,gpt-4o,True,True,True,True,,3,True,,3,0.0,"example (of : FnOdd f) (og : FnOdd g) : FnEven fun x ↦ f x * g x := by
  intro x
  calc
    (fun x ↦ f x * g x) x = f x * g x := rfl
    _ = f (-x) * g (-x) := by rw [of, og, neg_mul_neg]","example (of : FnOdd f) (og : FnOdd g) : FnEven fun x ↦ f x * g x := by
  intro x
  calc
    (fun x ↦ f x * g x) x = f x * g x := rfl
    _ = f (-x) * g (-x) := by rw [of, og, neg_mul_neg]",101.32249093055725
Tests,Tests/C03_Logic/solutions/Solutions_S01_Implication_and_the_Universal_Quantifier.lean,example (ef : FnEven f) (og : FnOdd g) : FnOdd fun x ↦ f x * g x ,refinement,5,LENGTH,gpt-4o,True,True,True,True,,3,True,,3,0.0,"example (ef : FnEven f) (og : FnOdd g) : FnOdd fun x ↦ f x * g x := by
  intro x
  dsimp
  rw [ef, og, neg_mul_eq_mul_neg]","example (ef : FnEven f) (og : FnOdd g) : FnOdd fun x ↦ f x * g x := by
  intro x
  dsimp
  rw [ef, og, neg_mul_eq_mul_neg]",92.36020994186401
Tests,Tests/C03_Logic/solutions/Solutions_S01_Implication_and_the_Universal_Quantifier.lean,example (ef : FnEven f) (og : FnOdd g) : FnEven fun x ↦ f (g x) ,refinement,5,LENGTH,gpt-4o,True,True,True,True,,3,True,,1,-66.66666666666666,"example (ef : FnEven f) (og : FnOdd g) : FnEven fun x ↦ f (g x) := by
  intro x
  dsimp
  rw [og, ← ef]","example (ef : FnEven f) (og : FnOdd g) : FnEven fun x ↦ f (g x)  := by
  intro x; dsimp; rw [og, ← ef]",139.00134706497192
Tests,Tests/C03_Logic/solutions/Solutions_S01_Implication_and_the_Universal_Quantifier.lean,example : r ⊆ s → s ⊆ t → r ⊆ t ,refinement,5,LENGTH,gpt-4o,True,True,True,True,,4,True,,1,-75.0,"example : r ⊆ s → s ⊆ t → r ⊆ t := by
  intro rsubs ssubt x xr
  apply ssubt
  apply rsubs
  apply xr","example : r ⊆ s → s ⊆ t → r ⊆ t  := by
  exact fun rsubs ssubt x xr => ssubt (rsubs xr)",163.56016206741333
Tests,Tests/C03_Logic/solutions/Solutions_S01_Implication_and_the_Universal_Quantifier.lean,example (h : SetUb s a) (h' : a ≤ b) : SetUb s b ,refinement,5,LENGTH,gpt-4o,True,True,True,True,,2,True,,1,-50.0,"example (h : SetUb s a) (h' : a ≤ b) : SetUb s b := by
  intro x xs
  apply le_trans (h x xs) h'","example (h : SetUb s a) (h' : a ≤ b) : SetUb s b  := by
  exact fun x xs ↦ le_trans (h x xs) h'",180.93463397026062
Tests,Tests/C03_Logic/solutions/Solutions_S01_Implication_and_the_Universal_Quantifier.lean,example {c : ℝ} (h : c ≠ 0) : Injective fun x ↦ c * x ,refinement,5,LENGTH,gpt-4o,True,True,True,True,,2,True,,1,-50.0,"example {c : ℝ} (h : c ≠ 0) : Injective fun x ↦ c * x := by
  intro x₁ x₂ h'
  apply (mul_right_inj' h).mp h'","example {c : ℝ} (h : c ≠ 0) : Injective fun x ↦ c * x  := by
  intro x₁ x₂ h'; apply (mul_right_inj' h).mp h'",90.71433281898499
Tests,Tests/C03_Logic/solutions/Solutions_S01_Implication_and_the_Universal_Quantifier.lean,example (injg : Injective g) (injf : Injective f) : Injective fun x ↦ g (f x) ,refinement,5,LENGTH,gpt-4o,True,True,True,True,,4,True,,1,-75.0,"example (injg : Injective g) (injf : Injective f) : Injective fun x ↦ g (f x) := by
  intro x₁ x₂ h
  apply injf
  apply injg
  apply h","example (injg : Injective g) (injf : Injective f) : Injective fun x ↦ g (f x)   := by
  exact fun x₁ x₂ h ↦ injf (injg h)",108.09991812705994
