repo,file,decl,method,n,metric,model,annotation,syntax_search,mathlib_search,examples,og_correct,og_errors,og_score,new_correct,new_errors,new_score,delta,og_raw,new_raw,time
Tests,Tests/IMO/sorried/P2.lean,"/--
Determine all pairs $(a, b)$ of positive integers for which there exist positive integers $g$ and $N$ such that
$$
\operatorname{gcd}(a^n + b, b^n + a) = g
$$
holds for all integers $n \ge N$.
(Note that $\operatorname{gcd}(x, y)$ denotes the greatest common divisor of integers $x$ and $y$.)

-/
theorem imo_2024_p2 : {(a, b) | 0 < a ∧ 0 < b ∧ ∃ g N, 0 < g ∧ 0 < N ∧ ∀ n ≥ N, Nat.gcd (a ^ n + b) (b ^ n + a) = g} = {(1, 1)} ",refinement,7,COMPLETION,gpt-4o,True,True,True,5,False,"declaration uses 'sorry'
	at: theorem imo_2024_p2 : {(a, b) | 0 < a ∧ 0 < b ∧ ∃ g N, 0 < g ∧ 0 < N ∧ ∀ n ≥ N, Nat.gcd (a ^ n + b) (b ^ n + a) = g} = {(1, 1)} := by",,True,,0,,"/--
Determine all pairs $(a, b)$ of positive integers for which there exist positive integers $g$ and $N$ such that
$$
\operatorname{gcd}(a^n + b, b^n + a) = g
$$
holds for all integers $n \ge N$.
(Note that $\operatorname{gcd}(x, y)$ denotes the greatest common divisor of integers $x$ and $y$.)

-/
theorem imo_2024_p2 : {(a, b) | 0 < a ∧ 0 < b ∧ ∃ g N, 0 < g ∧ 0 < N ∧ ∀ n ≥ N, Nat.gcd (a ^ n + b) (b ^ n + a) = g} = {(1, 1)} := by
  sorry","

/--
Determine all pairs $(a, b)$ of positive integers for which there exist positive integers $g$ and $N$ such that
$$
\operatorname{gcd}(a^n + b, b^n + a) = g
$$
holds for all integers $n \ge N$.
(Note that $\operatorname{gcd}(x, y)$ denotes the greatest common divisor of integers $x$ and $y$.)

-/
theorem imo_2024_p2 : {(a, b) | 0 < a ∧ 0 < b ∧ ∃ g N, 0 < g ∧ 0 < N ∧ ∀ n ≥ N, Nat.gcd (a ^ n + b) (b ^ n + a) = g} = {(1, 1)}  := by
  theorem imo_2024_p2 : {(a, b) | 0 < a ∧ 0 < b ∧ ∃ g N, 0 < g ∧ 0 < N ∧ ∀ n ≥ N, Nat.gcd (a ^ n + b) (b ^ n + a) = g} = {(1, 1)} := by
    ext ⟨a, b⟩
    constructor
    · rintro ⟨ha, hb, g, N, hg, hN, h⟩
      have h1 : a = 1 := by
        specialize h N (le_refl N)
        have : Nat.gcd (a ^ N + b) (b ^ N + a) = Nat.gcd (b + a ^ N) (b ^ N + a),
        { rw [Nat.gcd_comm] },
        rw [this] at h
        cases hg
        sorry
      have h2 : b = 1 := by
        specialize h (N + 1) (Nat.succ_le_succ hN)
        have : Nat.gcd (a ^ (N + 1) + b) (b ^ (N + 1) + a) = Nat.gcd (b + a ^ (N + 1)) (a + b ^ (N + 1)),
        { rw [Nat.gcd_comm] },
        rw [this] at h
        cases hg
        sorry
      exact ⟨h1, h2⟩
    · rintro ⟨rfl, rfl⟩
      refine ⟨Nat.one_pos, Nat.one_pos, 1, 1, Nat.one_pos, Nat.one_pos, _⟩
      intro n hn
      rw [Nat.gcd_self]
      exact rfl
",116.00821089744568
