repo,file,decl,method,n,metric,model,annotation,syntax_search,mathlib_search,examples,improved_context,og_correct,og_errors,og_score,new_correct,new_errors,new_score,delta,og_raw,new_raw,time
Tests,Tests/MIL/C04_Sets_and_Functions/solutions/Solutions_S01_Sets.lean,example : s \ (t ∪ u) ⊆ (s \ t) \ u ,"refinement(best_of_n_n(prompt_flat), prev_data_num=1, keep_best=True)",5,LENGTH,gpt-4o,True,True,True,10,False,True,,7,True,,2,-0.7142857142857143,"example : s \ (t ∪ u) ⊆ (s \ t) \ u := by
  rintro x ⟨xs, xntu⟩
  constructor
  use xs
  · intro xt
    exact xntu (Or.inl xt)
  intro xu
  apply xntu (Or.inr xu)","example : s \ (t ∪ u) ⊆ (s \ t) \ u  := by
  rintro x ⟨xs, xntu⟩
  exact ⟨⟨xs, fun xt => xntu (Or.inl xt)⟩, fun xu => xntu (Or.inr xu)⟩",30.7806339263916
